{"accuracy": [0.5865139961242676, 0.7707803249359131, 0.8341814875602722, 0.8806191682815552, 0.9058524370193481, 0.9387192726135254, 0.9505937099456787, 0.9654368162155151, 0.9654368162155151, 0.9503816962242126, 0.9898219108581543, 0.983460545539856, 0.9754028916358948, 0.9976674914360046, 0.991094172000885, 0.9760389924049377, 0.9925784468650818, 0.9976674914360046, 0.991094172000885, 0.9862171411514282], "loss": [0.9822152256965637, 0.5915181040763855, 0.4358583688735962, 0.299874871969223, 0.245487779378891, 0.16577644646167755, 0.12969927489757538, 0.100019171833992, 0.09834492206573486, 0.14316754043102264, 0.03734447434544563, 0.051386862993240356, 0.07648428529500961, 0.010743520222604275, 0.02490265481173992, 0.07145686447620392, 0.029774954542517662, 0.009870140813291073, 0.029100490733981133, 0.0391625240445137], "val_accuracy": [0.7395833134651184, 0.8368055820465088, 0.8836805820465088, 0.8975694179534912, 0.9253472089767456, 0.9461805820465088, 0.953125, 0.9722222089767456, 0.9548611044883728, 0.9409722089767456, 0.9982638955116272, 0.8836805820465088, 0.9965277910232544, 0.9965277910232544, 0.984375, 0.96875, 0.9965277910232544, 1.0, 0.9930555820465088, 0.9965277910232544], "val_loss": [0.7085784077644348, 0.44779109954833984, 0.3061819076538086, 0.2427174299955368, 0.18997782468795776, 0.1374642550945282, 0.12538649141788483, 0.05071642994880676, 0.1457207202911377, 0.14999960362911224, 0.010916221886873245, 0.3407263457775116, 0.012061020359396935, 0.01011910941451788, 0.047949694097042084, 0.09736689925193787, 0.0077009317465126514, 0.006130753550678492, 0.01747271418571472, 0.00983582716435194]}